station_name,district,latitude,longitude,area_type,datetime,pm2_5_ugm3,pm10_ugm3
Jamshedpur - Sakchi,Jamshedpur,22.8046,86.2029,urban-industrial,17-07-2025 19:00,61.8,132.2
Chirkunda - Dhanbad,Dhanbad,23.73,86.76,industrial,16-07-2025 01:00,47.9,118.9
Godda - Town,Godda,24.83,87.21,semi-urban,16-07-2025 22:00,40.3,69.6
Dumka - Town,Dumka,24.27,87.25,semi-urban,15-07-2025 22:00,42.3,65.1
Dumka - Town,Dumka,24.27,87.25,semi-urban,13-07-2025 16:00,42.7,62.6
Dhanbad - Jharia,Dhanbad,23.7398,86.4147,coal-mining,11-07-2025 19:00,50,74.5
Chirkunda - Dhanbad,Dhanbad,23.73,86.76,industrial,10-07-2025 04:00,45.4,92.8
Godda - Town,Godda,24.83,87.21,semi-urban,10-07-2025 10:00,18.8,58
Ranchi - Kadru,Ranchi,23.3441,85.3096,urban,10-07-2025 01:00,53.5,83.4
Bokaro - Chas,Bokaro,23.635,86.17,urban,09-07-2025 19:00,32,55.5
Jamshedpur - Telco,Jamshedpur,22.7925,86.145,industrial,09-07-2025 01:00,37,85
Ranchi - Sadar,Ranchi,23.38,85.32,urban,09-07-2025 22:00,63.6,90.5
Chirkunda - Dhanbad,Dhanbad,23.73,86.76,industrial,07-07-2025 16:00,46.3,65.3
Bokaro - Chas,Bokaro,23.635,86.17,urban,06-07-2025 13:00,39.1,70.5
Godda - Town,Godda,24.83,87.21,semi-urban,06-07-2025 07:00,5,55.2
Phusro - Bokaro,Bokaro,23.75,85.98,coal-mining,05-07-2025 13:00,59.7,89.9
Ranchi - HEC,Ranchi,23.3629,85.3345,urban-industrial,04-07-2025 13:00,21.1,57.7
Hazaribagh - Town,Hazaribagh,23.9925,85.3637,semi-urban,03-07-2025 13:00,17,53
Jamshedpur - Telco,Jamshedpur,22.7925,86.145,industrial,03-07-2025 07:00,23.2,185
Godda - Town,Godda,24.83,87.21,semi-urban,02-07-2025 07:00,5,41.4
Jamshedpur - Telco,Jamshedpur,22.7925,86.145,industrial,01-07-2025 22:00,64.3,101.8
Jamshedpur - Telco,Jamshedpur,22.7925,86.145,industrial,30-06-2025 10:00,62.6,127.1
Ranchi - HEC,Ranchi,23.3629,85.3345,urban-industrial,30-06-2025 07:00,40.9,59.7
Ranchi - Kadru,Ranchi,23.3441,85.3096,urban,28-06-2025 22:00,49.4,71.4
Ramgarh - Town,Ramgarh,23.63,85.51,industrial,27-06-2025 22:00,41.6,100.1
Jamshedpur - Telco,Jamshedpur,22.7925,86.145,industrial,26-06-2025 07:00,59.4,105.6
Medininagar (Daltonganj),Palamu,24.0492,84.0658,semi-urban,26-06-2025 13:00,33.5,64.6
Deoghar - Town,Deoghar,24.4834,86.6947,semi-urban,25-06-2025 13:00,13.2,45
Dhanbad - Jharia,Dhanbad,23.7398,86.4147,coal-mining,25-06-2025 10:00,5,68.7
Ranchi - Kadru,Ranchi,23.3441,85.3096,urban,25-06-2025 07:00,30.6,70.5
Chirkunda - Dhanbad,Dhanbad,23.73,86.76,industrial,24-06-2025 22:00,31.4,42.8
Jamshedpur - Telco,Jamshedpur,22.7925,86.145,industrial,24-06-2025 04:00,28.6,121
Bokaro - Sector 4,Bokaro,23.6693,86.1511,urban-industrial,23-06-2025 04:00,52.8,74.4
Ranchi - HEC,Ranchi,23.3629,85.3345,urban-industrial,23-06-2025 04:00,16.4,98.7
Ranchi - HEC,Ranchi,23.3629,85.3345,urban-industrial,22-06-2025 22:00,5,107.5
Ranchi - Sadar,Ranchi,23.38,85.32,urban,20-06-2025 01:00,33.6,71.9
Jamtara - Town,Jamtara,23.96,86.8,semi-urban,19-06-2025 22:00,21.1,80.3
Medininagar (Daltonganj),Palamu,24.0492,84.0658,semi-urban,19-06-2025 07:00,31.2,60.4
Ranchi - Sadar,Ranchi,23.38,85.32,urban,19-06-2025 13:00,33.5,72.8
Phusro - Bokaro,Bokaro,23.75,85.98,coal-mining,18-06-2025 04:00,28,101.6
Ranchi - HEC,Ranchi,23.3629,85.3345,urban-industrial,17-06-2025 04:00,36.7,98.2
Dhanbad - Jharia,Dhanbad,23.7398,86.4147,coal-mining,16-06-2025 19:00,101.9,151.9
Jamshedpur - Telco,Jamshedpur,22.7925,86.145,industrial,15-06-2025 07:00,34.8,115.9
Chaibasa - Town,West Singhbhum,22.556,85.808,rural-industrial,14-06-2025 07:00,44.8,75.7
Medininagar (Daltonganj),Palamu,24.0492,84.0658,semi-urban,14-06-2025 19:00,27.8,51.3
Jamshedpur - Sakchi,Jamshedpur,22.8046,86.2029,urban-industrial,13-06-2025 07:00,41.1,97.6
Sahebganj - Town,Sahebganj,25.25,87.63,riverine-semi-urban,12-06-2025 16:00,14.8,50.8
Giridih - Town,Giridih,24.1913,86.3078,semi-urban,11-06-2025 19:00,14.3,58.3
Hazaribagh - Town,Hazaribagh,23.9925,85.3637,semi-urban,11-06-2025 19:00,41.3,64.8
Hazaribagh - Town,Hazaribagh,23.9925,85.3637,semi-urban,10-06-2025 16:00,20.2,42.8
Dhanbad - Bank More,Dhanbad,23.7957,86.4304,urban-industrial,09-06-2025 19:00,66.8,106.2
Jamshedpur - Jugsalai,Jamshedpur,22.7756,86.1998,urban-industrial,09-06-2025 22:00,33.9,52.4
Jamshedpur - Telco,Jamshedpur,22.7925,86.145,industrial,09-06-2025 07:00,77.2,131.7
Sahebganj - Town,Sahebganj,25.25,87.63,riverine-semi-urban,08-06-2025 04:00,24.5,68.9
Dhanbad - Bank More,Dhanbad,23.7957,86.4304,urban-industrial,06-06-2025 22:00,28.8,163.3
Jamshedpur - Jugsalai,Jamshedpur,22.7756,86.1998,urban-industrial,06-06-2025 13:00,60,90.8
Phusro - Bokaro,Bokaro,23.75,85.98,coal-mining,06-06-2025 01:00,7.5,90.9
Sahebganj - Town,Sahebganj,25.25,87.63,riverine-semi-urban,06-06-2025 04:00,16.2,51.1
Jamtara - Town,Jamtara,23.96,86.8,semi-urban,05-06-2025 22:00,21.6,35.8
Jamshedpur - Telco,Jamshedpur,22.7925,86.145,industrial,03-06-2025 13:00,33.9,127.6
Jamshedpur - Jugsalai,Jamshedpur,22.7756,86.1998,urban-industrial,02-06-2025 01:00,69,114.6
Chirkunda - Dhanbad,Dhanbad,23.73,86.76,industrial,30-05-2025 07:00,114.3,157.2
Jamshedpur - Jugsalai,Jamshedpur,22.7756,86.1998,urban-industrial,28-05-2025 19:00,105.5,159.8
Dumka - Town,Dumka,24.27,87.25,semi-urban,27-05-2025 22:00,61.1,90.9
Hazaribagh - Town,Hazaribagh,23.9925,85.3637,semi-urban,25-05-2025 13:00,45.3,142.9
Jamshedpur - Sakchi,Jamshedpur,22.8046,86.2029,urban-industrial,24-05-2025 07:00,95.5,186.8
Jamtara - Town,Jamtara,23.96,86.8,semi-urban,24-05-2025 13:00,64.6,104
Ranchi - Sadar,Ranchi,23.38,85.32,urban,24-05-2025 01:00,79,132.4
Dhanbad - Jharia,Dhanbad,23.7398,86.4147,coal-mining,23-05-2025 07:00,105.5,198.7
Godda - Town,Godda,24.83,87.21,semi-urban,23-05-2025 19:00,82.6,138.9
Jamtara - Town,Jamtara,23.96,86.8,semi-urban,22-05-2025 22:00,53,140.3
Netarhat - Hill Station,Latehar,23.468,84.268,rural-background,22-05-2025 16:00,26,36.6
Ranchi - Kadru,Ranchi,23.3441,85.3096,urban,22-05-2025 19:00,73.7,122.9
Deoghar - Town,Deoghar,24.4834,86.6947,semi-urban,21-05-2025 07:00,66.6,110.7
Dumka - Town,Dumka,24.27,87.25,semi-urban,21-05-2025 01:00,57.8,99.3
Deoghar - Town,Deoghar,24.4834,86.6947,semi-urban,20-05-2025 01:00,65.1,134.5
Jamshedpur - Telco,Jamshedpur,22.7925,86.145,industrial,20-05-2025 10:00,75.5,209
Deoghar - Town,Deoghar,24.4834,86.6947,semi-urban,18-05-2025 10:00,78.9,125.4
Ranchi - HEC,Ranchi,23.3629,85.3345,urban-industrial,17-05-2025 07:00,89.4,176.9
Chirkunda - Dhanbad,Dhanbad,23.73,86.76,industrial,16-05-2025 07:00,134.7,214.8
Giridih - Town,Giridih,24.1913,86.3078,semi-urban,16-05-2025 22:00,36.1,116.2
Jamtara - Town,Jamtara,23.96,86.8,semi-urban,16-05-2025 10:00,65.4,131.7
Medininagar (Daltonganj),Palamu,24.0492,84.0658,semi-urban,16-05-2025 19:00,62,110.7
Dhanbad - Sindri,Dhanbad,23.68,86.7,industrial,15-05-2025 19:00,147.9,259.6
Medininagar (Daltonganj),Palamu,24.0492,84.0658,semi-urban,15-05-2025 13:00,72.8,114.1
Dhanbad - Jharia,Dhanbad,23.7398,86.4147,coal-mining,13-05-2025 22:00,122,243.3
Hazaribagh - Town,Hazaribagh,23.9925,85.3637,semi-urban,13-05-2025 01:00,50.9,117.2
Jamshedpur - Sakchi,Jamshedpur,22.8046,86.2029,urban-industrial,13-05-2025 04:00,90.3,215.5
Dhanbad - Bank More,Dhanbad,23.7957,86.4304,urban-industrial,12-05-2025 22:00,114.2,201.7
Ranchi - HEC,Ranchi,23.3629,85.3345,urban-industrial,12-05-2025 16:00,73.2,185.4
Jamshedpur - Telco,Jamshedpur,22.7925,86.145,industrial,11-05-2025 07:00,101,211.5
Bokaro - Chas,Bokaro,23.635,86.17,urban,10-05-2025 16:00,55,142.2
Chirkunda - Dhanbad,Dhanbad,23.73,86.76,industrial,10-05-2025 16:00,143.4,250
Sahebganj - Town,Sahebganj,25.25,87.63,riverine-semi-urban,10-05-2025 22:00,61.2,114.3
Chirkunda - Dhanbad,Dhanbad,23.73,86.76,industrial,09-05-2025 19:00,145.7,250.6
Jamtara - Town,Jamtara,23.96,86.8,semi-urban,09-05-2025 16:00,66.9,121.4
Sahebganj - Town,Sahebganj,25.25,87.63,riverine-semi-urban,09-05-2025 10:00,51.3,130.6
Chirkunda - Dhanbad,Dhanbad,23.73,86.76,industrial,08-05-2025 22:00,114.8,207
Bokaro - Chas,Bokaro,23.635,86.17,urban,07-05-2025 22:00,84,145.8
Jamshedpur - Jugsalai,Jamshedpur,22.7756,86.1998,urban-industrial,07-05-2025 22:00,89,193.8
Ranchi - HEC,Ranchi,23.3629,85.3345,urban-industrial,07-05-2025 01:00,112.4,175.9
Hazaribagh - Town,Hazaribagh,23.9925,85.3637,semi-urban,06-05-2025 13:00,55.9,118
Netarhat - Hill Station,Latehar,23.468,84.268,rural-background,06-05-2025 01:00,35.4,52
Deoghar - Town,Deoghar,24.4834,86.6947,semi-urban,05-05-2025 04:00,55.8,104
Dumka - Town,Dumka,24.27,87.25,semi-urban,05-05-2025 10:00,20.9,114.8
Jamtara - Town,Jamtara,23.96,86.8,semi-urban,05-05-2025 16:00,63.1,104.5
Ranchi - Kadru,Ranchi,23.3441,85.3096,urban,05-05-2025 07:00,90,151.4
Dhanbad - Sindri,Dhanbad,23.68,86.7,industrial,02-05-2025 04:00,90.6,126.5
Hazaribagh - Town,Hazaribagh,23.9925,85.3637,semi-urban,02-05-2025 22:00,70.2,124
Ramgarh - Town,Ramgarh,23.63,85.51,industrial,02-05-2025 04:00,110.6,152.2
Dhanbad - Jharia,Dhanbad,23.7398,86.4147,coal-mining,01-05-2025 04:00,124.3,221.8
Giridih - Town,Giridih,24.1913,86.3078,semi-urban,01-05-2025 04:00,63.6,117.6
Chirkunda - Dhanbad,Dhanbad,23.73,86.76,industrial,29-04-2025 10:00,115.6,183.2
Jamshedpur - Jugsalai,Jamshedpur,22.7756,86.1998,urban-industrial,29-04-2025 13:00,84.7,131
Phusro - Bokaro,Bokaro,23.75,85.98,coal-mining,29-04-2025 22:00,119.7,215.1
Ranchi - Kadru,Ranchi,23.3441,85.3096,urban,29-04-2025 16:00,67.4,142.6
Dhanbad - Bank More,Dhanbad,23.7957,86.4304,urban-industrial,28-04-2025 10:00,74.3,186.6
Ranchi - Sadar,Ranchi,23.38,85.32,urban,28-04-2025 01:00,72.3,172.9
Dumka - Town,Dumka,24.27,87.25,semi-urban,27-04-2025 16:00,58.7,120.4
Netarhat - Hill Station,Latehar,23.468,84.268,rural-background,27-04-2025 13:00,24.3,72.5
Godda - Town,Godda,24.83,87.21,semi-urban,26-04-2025 16:00,54.1,100.5
Giridih - Town,Giridih,24.1913,86.3078,semi-urban,25-04-2025 19:00,62.1,100.7
Medininagar (Daltonganj),Palamu,24.0492,84.0658,semi-urban,25-04-2025 19:00,49.5,119.3
Dhanbad - Bank More,Dhanbad,23.7957,86.4304,urban-industrial,24-04-2025 22:00,116.5,166.1
Dumka - Town,Dumka,24.27,87.25,semi-urban,23-04-2025 16:00,73.2,103.5
Ramgarh - Town,Ramgarh,23.63,85.51,industrial,23-04-2025 01:00,99,157
Bokaro - Chas,Bokaro,23.635,86.17,urban,22-04-2025 04:00,82.7,141.9
Deoghar - Town,Deoghar,24.4834,86.6947,semi-urban,22-04-2025 07:00,49.1,117
Godda - Town,Godda,24.83,87.21,semi-urban,22-04-2025 01:00,50.9,88.8
Bokaro - Chas,Bokaro,23.635,86.17,urban,21-04-2025 01:00,113.1,202.4
Giridih - Town,Giridih,24.1913,86.3078,semi-urban,21-04-2025 13:00,37.7,127.7
Chaibasa - Town,West Singhbhum,22.556,85.808,rural-industrial,20-04-2025 13:00,63.8,104.8
Ranchi - Kadru,Ranchi,23.3441,85.3096,urban,20-04-2025 16:00,83.6,132.9
Ramgarh - Town,Ramgarh,23.63,85.51,industrial,19-04-2025 07:00,97,161.5
Netarhat - Hill Station,Latehar,23.468,84.268,rural-background,18-04-2025 10:00,41,69.3
Ranchi - Sadar,Ranchi,23.38,85.32,urban,18-04-2025 22:00,61.3,87.5
Jamshedpur - Jugsalai,Jamshedpur,22.7756,86.1998,urban-industrial,17-04-2025 19:00,100.1,139.8
Dhanbad - Jharia,Dhanbad,23.7398,86.4147,coal-mining,16-04-2025 16:00,90.3,266.5
Hazaribagh - Town,Hazaribagh,23.9925,85.3637,semi-urban,16-04-2025 07:00,45,107.2
Hazaribagh - Town,Hazaribagh,23.9925,85.3637,semi-urban,15-04-2025 10:00,73.7,122.2
Jamtara - Town,Jamtara,23.96,86.8,semi-urban,14-04-2025 16:00,60.8,99.7
Ramgarh - Town,Ramgarh,23.63,85.51,industrial,14-04-2025 01:00,126.1,168.7
Giridih - Town,Giridih,24.1913,86.3078,semi-urban,13-04-2025 13:00,61.7,140.1
Godda - Town,Godda,24.83,87.21,semi-urban,13-04-2025 19:00,66.5,109.3
Bokaro - Chas,Bokaro,23.635,86.17,urban,12-04-2025 01:00,77.8,117.4
Dhanbad - Sindri,Dhanbad,23.68,86.7,industrial,12-04-2025 16:00,131.4,227.9
Jamshedpur - Sakchi,Jamshedpur,22.8046,86.2029,urban-industrial,12-04-2025 04:00,68.8,187.3
Jamtara - Town,Jamtara,23.96,86.8,semi-urban,12-04-2025 01:00,26.4,124.5
Chirkunda - Dhanbad,Dhanbad,23.73,86.76,industrial,10-04-2025 10:00,93.6,212.3
Giridih - Town,Giridih,24.1913,86.3078,semi-urban,10-04-2025 07:00,57.1,89.3
Ranchi - HEC,Ranchi,23.3629,85.3345,urban-industrial,10-04-2025 10:00,112.5,196.4
Sahebganj - Town,Sahebganj,25.25,87.63,riverine-semi-urban,10-04-2025 10:00,59.6,90.9
Bokaro - Sector 4,Bokaro,23.6693,86.1511,urban-industrial,09-04-2025 04:00,106.2,199.1
Godda - Town,Godda,24.83,87.21,semi-urban,09-04-2025 19:00,64.4,113.1
Jamshedpur - Telco,Jamshedpur,22.7925,86.145,industrial,09-04-2025 07:00,80.3,197.3
Jamtara - Town,Jamtara,23.96,86.8,semi-urban,09-04-2025 16:00,54.9,94.1
Netarhat - Hill Station,Latehar,23.468,84.268,rural-background,09-04-2025 19:00,39.9,67.8
Ranchi - Kadru,Ranchi,23.3441,85.3096,urban,08-04-2025 22:00,57.9,81.3
Ranchi - Sadar,Ranchi,23.38,85.32,urban,08-04-2025 19:00,75.2,120.8
Dhanbad - Bank More,Dhanbad,23.7957,86.4304,urban-industrial,07-04-2025 07:00,71.5,178.9
Dhanbad - Sindri,Dhanbad,23.68,86.7,industrial,07-04-2025 04:00,96,161.4
Dumka - Town,Dumka,24.27,87.25,semi-urban,07-04-2025 01:00,59.8,92.9
Phusro - Bokaro,Bokaro,23.75,85.98,coal-mining,07-04-2025 04:00,100.4,209.6
Deoghar - Town,Deoghar,24.4834,86.6947,semi-urban,06-04-2025 04:00,53.4,120.6
Jamshedpur - Jugsalai,Jamshedpur,22.7756,86.1998,urban-industrial,05-04-2025 07:00,106.1,191.8
Chirkunda - Dhanbad,Dhanbad,23.73,86.76,industrial,04-04-2025 16:00,96,225.2
Sahebganj - Town,Sahebganj,25.25,87.63,riverine-semi-urban,04-04-2025 07:00,64.2,121.1
Dhanbad - Jharia,Dhanbad,23.7398,86.4147,coal-mining,03-04-2025 01:00,140.7,219.5
Godda - Town,Godda,24.83,87.21,semi-urban,03-04-2025 13:00,65.5,141.6
Bokaro - Chas,Bokaro,23.635,86.17,urban,02-04-2025 22:00,90.4,132.4
Chaibasa - Town,West Singhbhum,22.556,85.808,rural-industrial,02-04-2025 04:00,76,106.6
Giridih - Town,Giridih,24.1913,86.3078,semi-urban,02-04-2025 13:00,35.9,94.9
Ranchi - Sadar,Ranchi,23.38,85.32,urban,02-04-2025 19:00,47.9,137.6
Ramgarh - Town,Ramgarh,23.63,85.51,industrial,01-04-2025 07:00,106.5,157
Bokaro - Sector 4,Bokaro,23.6693,86.1511,urban-industrial,31-03-2025 22:00,95.7,135.3
Dhanbad - Sindri,Dhanbad,23.68,86.7,industrial,27-03-2025 07:00,117.8,172.7
Sahebganj - Town,Sahebganj,25.25,87.63,riverine-semi-urban,27-03-2025 19:00,37.1,126.9
Hazaribagh - Town,Hazaribagh,23.9925,85.3637,semi-urban,25-03-2025 16:00,30.1,98.8
Jamshedpur - Jugsalai,Jamshedpur,22.7756,86.1998,urban-industrial,25-03-2025 22:00,91,136.5
Medininagar (Daltonganj),Palamu,24.0492,84.0658,semi-urban,25-03-2025 07:00,56.2,88
Bokaro - Sector 4,Bokaro,23.6693,86.1511,urban-industrial,24-03-2025 13:00,84,170.7
Bokaro - Sector 4,Bokaro,23.6693,86.1511,urban-industrial,23-03-2025 04:00,103.3,211.7
Dumka - Town,Dumka,24.27,87.25,semi-urban,23-03-2025 01:00,75.1,104.4
Jamshedpur - Jugsalai,Jamshedpur,22.7756,86.1998,urban-industrial,23-03-2025 22:00,89.6,175.9
Godda - Town,Godda,24.83,87.21,semi-urban,22-03-2025 07:00,70.2,106.7
Jamshedpur - Jugsalai,Jamshedpur,22.7756,86.1998,urban-industrial,21-03-2025 10:00,94.4,219
Bokaro - Chas,Bokaro,23.635,86.17,urban,20-03-2025 22:00,87.5,146.1
Chaibasa - Town,West Singhbhum,22.556,85.808,rural-industrial,20-03-2025 16:00,62.5,124.3
Ranchi - Sadar,Ranchi,23.38,85.32,urban,20-03-2025 01:00,66.4,144
Dhanbad - Sindri,Dhanbad,23.68,86.7,industrial,19-03-2025 01:00,117,172.3
Hazaribagh - Town,Hazaribagh,23.9925,85.3637,semi-urban,19-03-2025 13:00,89.9,136.5
Medininagar (Daltonganj),Palamu,24.0492,84.0658,semi-urban,19-03-2025 07:00,58.8,120.8
Chaibasa - Town,West Singhbhum,22.556,85.808,rural-industrial,18-03-2025 04:00,85.5,159.6
Dhanbad - Jharia,Dhanbad,23.7398,86.4147,coal-mining,18-03-2025 07:00,180.4,263.3
Dhanbad - Sindri,Dhanbad,23.68,86.7,industrial,18-03-2025 07:00,112.2,194.3
Hazaribagh - Town,Hazaribagh,23.9925,85.3637,semi-urban,18-03-2025 19:00,66.1,115.6
Jamshedpur - Sakchi,Jamshedpur,22.8046,86.2029,urban-industrial,18-03-2025 16:00,91.1,241.5
Chirkunda - Dhanbad,Dhanbad,23.73,86.76,industrial,17-03-2025 04:00,120.3,199.6
Ranchi - Sadar,Ranchi,23.38,85.32,urban,17-03-2025 10:00,46.5,133.7
Ranchi - Kadru,Ranchi,23.3441,85.3096,urban,16-03-2025 19:00,82.8,126.4
Chaibasa - Town,West Singhbhum,22.556,85.808,rural-industrial,15-03-2025 16:00,52,125.3
Chirkunda - Dhanbad,Dhanbad,23.73,86.76,industrial,15-03-2025 22:00,135.9,200.2
Jamshedpur - Telco,Jamshedpur,22.7925,86.145,industrial,13-03-2025 01:00,97.5,269.1
Medininagar (Daltonganj),Palamu,24.0492,84.0658,semi-urban,13-03-2025 04:00,60.9,132.3
Dumka - Town,Dumka,24.27,87.25,semi-urban,11-03-2025 07:00,56.2,126.8
Sahebganj - Town,Sahebganj,25.25,87.63,riverine-semi-urban,11-03-2025 04:00,62.4,89
Ranchi - Kadru,Ranchi,23.3441,85.3096,urban,10-03-2025 07:00,41,178.7
Sahebganj - Town,Sahebganj,25.25,87.63,riverine-semi-urban,07-03-2025 10:00,43.8,100.6
Dumka - Town,Dumka,24.27,87.25,semi-urban,06-03-2025 22:00,82.6,118.3
Sahebganj - Town,Sahebganj,25.25,87.63,riverine-semi-urban,06-03-2025 13:00,51.2,96.6
Phusro - Bokaro,Bokaro,23.75,85.98,coal-mining,05-03-2025 01:00,147.2,214.7
Medininagar (Daltonganj),Palamu,24.0492,84.0658,semi-urban,04-03-2025 13:00,67,95.5
Chaibasa - Town,West Singhbhum,22.556,85.808,rural-industrial,03-03-2025 16:00,71.3,110
Dhanbad - Sindri,Dhanbad,23.68,86.7,industrial,03-03-2025 13:00,139.9,206.4
Giridih - Town,Giridih,24.1913,86.3078,semi-urban,03-03-2025 04:00,56.6,126.7
Phusro - Bokaro,Bokaro,23.75,85.98,coal-mining,03-03-2025 04:00,140.5,266.9
Chaibasa - Town,West Singhbhum,22.556,85.808,rural-industrial,02-03-2025 19:00,70,142.8
Dhanbad - Sindri,Dhanbad,23.68,86.7,industrial,01-03-2025 16:00,145,246.4
Jamshedpur - Telco,Jamshedpur,22.7925,86.145,industrial,28-02-2025 22:00,123.5,280
Medininagar (Daltonganj),Palamu,24.0492,84.0658,semi-urban,28-02-2025 16:00,66.7,151.3
Ranchi - Sadar,Ranchi,23.38,85.32,urban,28-02-2025 16:00,110.7,165.4
Bokaro - Chas,Bokaro,23.635,86.17,urban,27-02-2025 01:00,86.7,160.7
Ramgarh - Town,Ramgarh,23.63,85.51,industrial,27-02-2025 01:00,117.4,208.9
Deoghar - Town,Deoghar,24.4834,86.6947,semi-urban,26-02-2025 22:00,75.5,113.3
Dhanbad - Jharia,Dhanbad,23.7398,86.4147,coal-mining,24-02-2025 04:00,97.2,265.7
Giridih - Town,Giridih,24.1913,86.3078,semi-urban,24-02-2025 22:00,68.8,120.6
Jamshedpur - Jugsalai,Jamshedpur,22.7756,86.1998,urban-industrial,24-02-2025 19:00,123.6,193.1
Jamtara - Town,Jamtara,23.96,86.8,semi-urban,24-02-2025 07:00,86.4,163.4
Chirkunda - Dhanbad,Dhanbad,23.73,86.76,industrial,23-02-2025 04:00,76.9,252.6
Dhanbad - Jharia,Dhanbad,23.7398,86.4147,coal-mining,21-02-2025 22:00,189.6,286.9
Hazaribagh - Town,Hazaribagh,23.9925,85.3637,semi-urban,20-02-2025 13:00,65.9,110.1
Jamshedpur - Jugsalai,Jamshedpur,22.7756,86.1998,urban-industrial,20-02-2025 10:00,138,236.3
Jamshedpur - Sakchi,Jamshedpur,22.8046,86.2029,urban-industrial,20-02-2025 13:00,119.8,197.9
Chirkunda - Dhanbad,Dhanbad,23.73,86.76,industrial,19-02-2025 22:00,134.3,234.6
Deoghar - Town,Deoghar,24.4834,86.6947,semi-urban,19-02-2025 22:00,90.4,119.5
Dhanbad - Jharia,Dhanbad,23.7398,86.4147,coal-mining,18-02-2025 10:00,220.5,288
Medininagar (Daltonganj),Palamu,24.0492,84.0658,semi-urban,18-02-2025 19:00,82,144.1
Dhanbad - Jharia,Dhanbad,23.7398,86.4147,coal-mining,17-02-2025 22:00,156.4,303.7
Giridih - Town,Giridih,24.1913,86.3078,semi-urban,16-02-2025 07:00,80.3,138.7
Godda - Town,Godda,24.83,87.21,semi-urban,16-02-2025 04:00,94.5,164.3
Ranchi - Kadru,Ranchi,23.3441,85.3096,urban,16-02-2025 10:00,105.5,137.3
Phusro - Bokaro,Bokaro,23.75,85.98,coal-mining,15-02-2025 13:00,161.9,332.7
Bokaro - Sector 4,Bokaro,23.6693,86.1511,urban-industrial,13-02-2025 13:00,97.3,164.3
Godda - Town,Godda,24.83,87.21,semi-urban,13-02-2025 01:00,90.8,125.5
Jamshedpur - Sakchi,Jamshedpur,22.8046,86.2029,urban-industrial,12-02-2025 01:00,125.5,196.7
Giridih - Town,Giridih,24.1913,86.3078,semi-urban,11-02-2025 19:00,71.4,161.1
Medininagar (Daltonganj),Palamu,24.0492,84.0658,semi-urban,11-02-2025 22:00,59.2,135.6
Hazaribagh - Town,Hazaribagh,23.9925,85.3637,semi-urban,10-02-2025 01:00,80.9,126.7
Giridih - Town,Giridih,24.1913,86.3078,semi-urban,09-02-2025 13:00,87.7,124.4
Medininagar (Daltonganj),Palamu,24.0492,84.0658,semi-urban,08-02-2025 16:00,82.5,135.4
Deoghar - Town,Deoghar,24.4834,86.6947,semi-urban,07-02-2025 04:00,90.8,172
Jamshedpur - Sakchi,Jamshedpur,22.8046,86.2029,urban-industrial,07-02-2025 10:00,135.6,212
Sahebganj - Town,Sahebganj,25.25,87.63,riverine-semi-urban,07-02-2025 04:00,73.8,123
Ranchi - Kadru,Ranchi,23.3441,85.3096,urban,06-02-2025 16:00,79.9,191.3
Medininagar (Daltonganj),Palamu,24.0492,84.0658,semi-urban,05-02-2025 04:00,87.3,138.2
Ramgarh - Town,Ramgarh,23.63,85.51,industrial,05-02-2025 01:00,101.9,213.1
Sahebganj - Town,Sahebganj,25.25,87.63,riverine-semi-urban,04-02-2025 16:00,72,118.1
Bokaro - Sector 4,Bokaro,23.6693,86.1511,urban-industrial,03-02-2025 22:00,116.1,241
Dhanbad - Sindri,Dhanbad,23.68,86.7,industrial,03-02-2025 01:00,140.1,203.5
Phusro - Bokaro,Bokaro,23.75,85.98,coal-mining,03-02-2025 10:00,189,262.5
Dhanbad - Sindri,Dhanbad,23.68,86.7,industrial,02-02-2025 22:00,131,194.4
Jamshedpur - Jugsalai,Jamshedpur,22.7756,86.1998,urban-industrial,02-02-2025 04:00,120.8,221
Jamshedpur - Sakchi,Jamshedpur,22.8046,86.2029,urban-industrial,01-02-2025 01:00,84.6,256.2
Deoghar - Town,Deoghar,24.4834,86.6947,semi-urban,31-01-2025 04:00,75.2,128.9
Giridih - Town,Giridih,24.1913,86.3078,semi-urban,30-01-2025 22:00,90.4,143.1
Godda - Town,Godda,24.83,87.21,semi-urban,30-01-2025 19:00,91.5,145.6
Bokaro - Sector 4,Bokaro,23.6693,86.1511,urban-industrial,28-01-2025 01:00,109.3,241.9
Jamtara - Town,Jamtara,23.96,86.8,semi-urban,27-01-2025 04:00,64.7,122.9
Jamshedpur - Jugsalai,Jamshedpur,22.7756,86.1998,urban-industrial,26-01-2025 01:00,93.4,224.9
Sahebganj - Town,Sahebganj,25.25,87.63,riverine-semi-urban,26-01-2025 19:00,78.6,113
Bokaro - Chas,Bokaro,23.635,86.17,urban,25-01-2025 16:00,74.6,134.6
Bokaro - Sector 4,Bokaro,23.6693,86.1511,urban-industrial,25-01-2025 01:00,97.6,223
Chaibasa - Town,West Singhbhum,22.556,85.808,rural-industrial,24-01-2025 10:00,82.7,150.4
Godda - Town,Godda,24.83,87.21,semi-urban,24-01-2025 04:00,54.3,116.5
Jamtara - Town,Jamtara,23.96,86.8,semi-urban,24-01-2025 07:00,68,124.8
Ranchi - Sadar,Ranchi,23.38,85.32,urban,24-01-2025 19:00,67,165.7
Bokaro - Chas,Bokaro,23.635,86.17,urban,23-01-2025 07:00,88.9,202.1
Ranchi - Kadru,Ranchi,23.3441,85.3096,urban,23-01-2025 01:00,101.6,183.4
Godda - Town,Godda,24.83,87.21,semi-urban,22-01-2025 16:00,64.5,168.8
Chaibasa - Town,West Singhbhum,22.556,85.808,rural-industrial,21-01-2025 07:00,88.2,161.5
Phusro - Bokaro,Bokaro,23.75,85.98,coal-mining,21-01-2025 16:00,131.6,373.2
Jamshedpur - Jugsalai,Jamshedpur,22.7756,86.1998,urban-industrial,20-01-2025 07:00,137,227.5
Jamshedpur - Sakchi,Jamshedpur,22.8046,86.2029,urban-industrial,19-01-2025 01:00,103.1,224.5
Bokaro - Chas,Bokaro,23.635,86.17,urban,17-01-2025 10:00,81.4,150.3
Netarhat - Hill Station,Latehar,23.468,84.268,rural-background,17-01-2025 04:00,34.4,86.7
Ramgarh - Town,Ramgarh,23.63,85.51,industrial,17-01-2025 22:00,111.9,220.5
Chaibasa - Town,West Singhbhum,22.556,85.808,rural-industrial,15-01-2025 16:00,70.1,135.3
Dhanbad - Jharia,Dhanbad,23.7398,86.4147,coal-mining,15-01-2025 07:00,188.9,327.3
Dumka - Town,Dumka,24.27,87.25,semi-urban,15-01-2025 01:00,46.2,136
Netarhat - Hill Station,Latehar,23.468,84.268,rural-background,15-01-2025 10:00,37.6,63.7
Ramgarh - Town,Ramgarh,23.63,85.51,industrial,14-01-2025 10:00,130.8,285
Sahebganj - Town,Sahebganj,25.25,87.63,riverine-semi-urban,14-01-2025 16:00,71.3,113.7
Jamshedpur - Jugsalai,Jamshedpur,22.7756,86.1998,urban-industrial,13-01-2025 19:00,139.1,292.3
Jamshedpur - Sakchi,Jamshedpur,22.8046,86.2029,urban-industrial,13-01-2025 16:00,133.5,217.6
Jamshedpur - Telco,Jamshedpur,22.7925,86.145,industrial,13-01-2025 04:00,143.4,261.5
Bokaro - Chas,Bokaro,23.635,86.17,urban,12-01-2025 16:00,91.3,163.5
Ramgarh - Town,Ramgarh,23.63,85.51,industrial,12-01-2025 10:00,124.9,256.9
Ranchi - Kadru,Ranchi,23.3441,85.3096,urban,12-01-2025 13:00,85.1,141.9
Bokaro - Sector 4,Bokaro,23.6693,86.1511,urban-industrial,11-01-2025 10:00,116.6,221.2
Netarhat - Hill Station,Latehar,23.468,84.268,rural-background,11-01-2025 13:00,41.8,73.2
Chirkunda - Dhanbad,Dhanbad,23.73,86.76,industrial,09-01-2025 07:00,99.6,272.6
Jamshedpur - Telco,Jamshedpur,22.7925,86.145,industrial,09-01-2025 04:00,120.1,253.8
Ranchi - Kadru,Ranchi,23.3441,85.3096,urban,09-01-2025 22:00,89.4,202.9
Bokaro - Sector 4,Bokaro,23.6693,86.1511,urban-industrial,07-01-2025 07:00,166,315.2
Netarhat - Hill Station,Latehar,23.468,84.268,rural-background,06-01-2025 19:00,42.5,71.7
Bokaro - Sector 4,Bokaro,23.6693,86.1511,urban-industrial,04-01-2025 07:00,122.6,206.2
Dhanbad - Jharia,Dhanbad,23.7398,86.4147,coal-mining,04-01-2025 10:00,157.2,315.4
Bokaro - Chas,Bokaro,23.635,86.17,urban,02-01-2025 16:00,81.2,183.7
Medininagar (Daltonganj),Palamu,24.0492,84.0658,semi-urban,02-01-2025 10:00,92.9,120.9
Jamtara - Town,Jamtara,23.96,86.8,semi-urban,01-01-2025 10:00,80.6,123.4
Sahebganj - Town,Sahebganj,25.25,87.63,riverine-semi-urban,01-01-2025 07:00,65.8,132.9
Dhanbad - Bank More,Dhanbad,23.7957,86.4304,urban-industrial,30-12-2024 13:00,142,267.3
Jamtara - Town,Jamtara,23.96,86.8,semi-urban,30-12-2024 22:00,75.6,142
Deoghar - Town,Deoghar,24.4834,86.6947,semi-urban,29-12-2024 22:00,78.6,111.6
Ramgarh - Town,Ramgarh,23.63,85.51,industrial,29-12-2024 07:00,90.8,233.5
Phusro - Bokaro,Bokaro,23.75,85.98,coal-mining,26-12-2024 16:00,120.6,283.8
Deoghar - Town,Deoghar,24.4834,86.6947,semi-urban,25-12-2024 16:00,70.7,114.2
Medininagar (Daltonganj),Palamu,24.0492,84.0658,semi-urban,25-12-2024 22:00,71.1,115
Dhanbad - Bank More,Dhanbad,23.7957,86.4304,urban-industrial,24-12-2024 13:00,89.9,196.9
Dhanbad - Jharia,Dhanbad,23.7398,86.4147,coal-mining,22-12-2024 01:00,162.6,355.1
Godda - Town,Godda,24.83,87.21,semi-urban,22-12-2024 22:00,82.4,121.7
Chirkunda - Dhanbad,Dhanbad,23.73,86.76,industrial,21-12-2024 13:00,108.7,249.5
Jamshedpur - Jugsalai,Jamshedpur,22.7756,86.1998,urban-industrial,21-12-2024 07:00,132.5,205.5
Ranchi - Kadru,Ranchi,23.3441,85.3096,urban,21-12-2024 04:00,91.9,169
Chirkunda - Dhanbad,Dhanbad,23.73,86.76,industrial,20-12-2024 22:00,112.1,233.7
Jamshedpur - Jugsalai,Jamshedpur,22.7756,86.1998,urban-industrial,20-12-2024 01:00,87.5,224.3
Ranchi - Sadar,Ranchi,23.38,85.32,urban,20-12-2024 19:00,72.5,169.2
Ranchi - Sadar,Ranchi,23.38,85.32,urban,19-12-2024 16:00,92.1,143.5
Jamshedpur - Telco,Jamshedpur,22.7925,86.145,industrial,18-12-2024 19:00,152.3,241.3
Phusro - Bokaro,Bokaro,23.75,85.98,coal-mining,18-12-2024 13:00,134.1,257.4
Ranchi - Kadru,Ranchi,23.3441,85.3096,urban,17-12-2024 04:00,82.9,187.5
Giridih - Town,Giridih,24.1913,86.3078,semi-urban,16-12-2024 04:00,80.6,113.2
Ranchi - HEC,Ranchi,23.3629,85.3345,urban-industrial,15-12-2024 04:00,98.7,242.6
Jamshedpur - Sakchi,Jamshedpur,22.8046,86.2029,urban-industrial,14-12-2024 16:00,120.6,239.2
Medininagar (Daltonganj),Palamu,24.0492,84.0658,semi-urban,14-12-2024 13:00,73.6,105.1
Dhanbad - Sindri,Dhanbad,23.68,86.7,industrial,10-12-2024 13:00,139.4,274.3
Dumka - Town,Dumka,24.27,87.25,semi-urban,10-12-2024 07:00,95.1,134.7
Dhanbad - Jharia,Dhanbad,23.7398,86.4147,coal-mining,08-12-2024 13:00,169.6,285.1
Chirkunda - Dhanbad,Dhanbad,23.73,86.76,industrial,06-12-2024 16:00,133,206.4
Jamtara - Town,Jamtara,23.96,86.8,semi-urban,06-12-2024 19:00,83.4,108.5
Phusro - Bokaro,Bokaro,23.75,85.98,coal-mining,06-12-2024 01:00,119,290.8
Dhanbad - Bank More,Dhanbad,23.7957,86.4304,urban-industrial,04-12-2024 07:00,124.3,201.2
Medininagar (Daltonganj),Palamu,24.0492,84.0658,semi-urban,04-12-2024 10:00,59.4,138.4
Netarhat - Hill Station,Latehar,23.468,84.268,rural-background,03-12-2024 22:00,39.1,63.3
Ranchi - Sadar,Ranchi,23.38,85.32,urban,03-12-2024 04:00,84,175.4
Jamshedpur - Sakchi,Jamshedpur,22.8046,86.2029,urban-industrial,01-12-2024 19:00,120.2,245.1
Ranchi - HEC,Ranchi,23.3629,85.3345,urban-industrial,30-11-2024 01:00,96.2,241.6
Jamshedpur - Sakchi,Jamshedpur,22.8046,86.2029,urban-industrial,29-11-2024 07:00,103.6,258.3
Medininagar (Daltonganj),Palamu,24.0492,84.0658,semi-urban,29-11-2024 22:00,83,127.6
Ranchi - HEC,Ranchi,23.3629,85.3345,urban-industrial,29-11-2024 19:00,84.9,236.7
Giridih - Town,Giridih,24.1913,86.3078,semi-urban,27-11-2024 13:00,73,138.4
Dhanbad - Jharia,Dhanbad,23.7398,86.4147,coal-mining,26-11-2024 01:00,161.2,274
Phusro - Bokaro,Bokaro,23.75,85.98,coal-mining,26-11-2024 16:00,107.8,257.4
Phusro - Bokaro,Bokaro,23.75,85.98,coal-mining,25-11-2024 19:00,165.3,280.6
Ranchi - HEC,Ranchi,23.3629,85.3345,urban-industrial,25-11-2024 19:00,133,226.6
Chaibasa - Town,West Singhbhum,22.556,85.808,rural-industrial,23-11-2024 22:00,95.1,164.1
Deoghar - Town,Deoghar,24.4834,86.6947,semi-urban,23-11-2024 22:00,67.4,123.6
Dumka - Town,Dumka,24.27,87.25,semi-urban,23-11-2024 07:00,86.8,148.5
Netarhat - Hill Station,Latehar,23.468,84.268,rural-background,23-11-2024 01:00,45.2,62.2
Hazaribagh - Town,Hazaribagh,23.9925,85.3637,semi-urban,22-11-2024 01:00,76.1,141.1
Jamshedpur - Jugsalai,Jamshedpur,22.7756,86.1998,urban-industrial,22-11-2024 19:00,111.7,235.6
Sahebganj - Town,Sahebganj,25.25,87.63,riverine-semi-urban,22-11-2024 04:00,57.4,132.6
Bokaro - Chas,Bokaro,23.635,86.17,urban,21-11-2024 01:00,101.8,201.3
Giridih - Town,Giridih,24.1913,86.3078,semi-urban,21-11-2024 19:00,45,168.4
Jamshedpur - Telco,Jamshedpur,22.7925,86.145,industrial,21-11-2024 07:00,103.3,228.5
Dumka - Town,Dumka,24.27,87.25,semi-urban,19-11-2024 04:00,53.5,159.3
Ranchi - Sadar,Ranchi,23.38,85.32,urban,19-11-2024 10:00,94.7,173.1
Dhanbad - Bank More,Dhanbad,23.7957,86.4304,urban-industrial,18-11-2024 19:00,127,179
Godda - Town,Godda,24.83,87.21,semi-urban,18-11-2024 07:00,50.7,109.9
Medininagar (Daltonganj),Palamu,24.0492,84.0658,semi-urban,18-11-2024 10:00,55.3,134.6
Jamtara - Town,Jamtara,23.96,86.8,semi-urban,17-11-2024 13:00,85.7,186.3
Dumka - Town,Dumka,24.27,87.25,semi-urban,15-11-2024 22:00,85.9,141.9
Ranchi - HEC,Ranchi,23.3629,85.3345,urban-industrial,15-11-2024 10:00,71.4,206.2
Netarhat - Hill Station,Latehar,23.468,84.268,rural-background,14-11-2024 22:00,31,77.5
Chaibasa - Town,West Singhbhum,22.556,85.808,rural-industrial,13-11-2024 04:00,74.2,186.6
Phusro - Bokaro,Bokaro,23.75,85.98,coal-mining,13-11-2024 22:00,121,338.7
Chirkunda - Dhanbad,Dhanbad,23.73,86.76,industrial,12-11-2024 13:00,95.8,271.6
Godda - Town,Godda,24.83,87.21,semi-urban,12-11-2024 07:00,67.5,140.6
Godda - Town,Godda,24.83,87.21,semi-urban,11-11-2024 19:00,47.7,145.1
Netarhat - Hill Station,Latehar,23.468,84.268,rural-background,11-11-2024 07:00,39.4,70
Sahebganj - Town,Sahebganj,25.25,87.63,riverine-semi-urban,11-11-2024 01:00,68.9,160.5
Jamshedpur - Telco,Jamshedpur,22.7925,86.145,industrial,10-11-2024 13:00,148.9,211.2
Ranchi - Kadru,Ranchi,23.3441,85.3096,urban,10-11-2024 04:00,80,127.9
Bokaro - Sector 4,Bokaro,23.6693,86.1511,urban-industrial,09-11-2024 10:00,132,200.6
Chaibasa - Town,West Singhbhum,22.556,85.808,rural-industrial,09-11-2024 04:00,86.6,148.3
Jamshedpur - Sakchi,Jamshedpur,22.8046,86.2029,urban-industrial,09-11-2024 04:00,80,214.7
Hazaribagh - Town,Hazaribagh,23.9925,85.3637,semi-urban,07-11-2024 19:00,65.2,139.1
Jamtara - Town,Jamtara,23.96,86.8,semi-urban,07-11-2024 01:00,69.5,136.6
Deoghar - Town,Deoghar,24.4834,86.6947,semi-urban,06-11-2024 22:00,59.1,154.7
Bokaro - Chas,Bokaro,23.635,86.17,urban,05-11-2024 10:00,86,164
Ranchi - HEC,Ranchi,23.3629,85.3345,urban-industrial,04-11-2024 04:00,112,201.6
Phusro - Bokaro,Bokaro,23.75,85.98,coal-mining,03-11-2024 22:00,139.1,284.8
Jamtara - Town,Jamtara,23.96,86.8,semi-urban,02-11-2024 10:00,71.2,116.7
Chaibasa - Town,West Singhbhum,22.556,85.808,rural-industrial,01-11-2024 22:00,92.5,133.6
Godda - Town,Godda,24.83,87.21,semi-urban,01-11-2024 01:00,68.1,128.2
Ranchi - Kadru,Ranchi,23.3441,85.3096,urban,01-11-2024 04:00,73.2,157.2
Giridih - Town,Giridih,24.1913,86.3078,semi-urban,31-10-2024 04:00,54.1,97.7
Jamshedpur - Jugsalai,Jamshedpur,22.7756,86.1998,urban-industrial,31-10-2024 13:00,95.7,181.3
Netarhat - Hill Station,Latehar,23.468,84.268,rural-background,31-10-2024 10:00,26.5,43.5
Ranchi - HEC,Ranchi,23.3629,85.3345,urban-industrial,30-10-2024 22:00,72.5,110.6
Bokaro - Chas,Bokaro,23.635,86.17,urban,28-10-2024 04:00,55,132.3
Netarhat - Hill Station,Latehar,23.468,84.268,rural-background,26-10-2024 01:00,28.1,53.2
Jamtara - Town,Jamtara,23.96,86.8,semi-urban,24-10-2024 19:00,58.1,90.4
Ramgarh - Town,Ramgarh,23.63,85.51,industrial,24-10-2024 10:00,96.3,180.1
Dhanbad - Bank More,Dhanbad,23.7957,86.4304,urban-industrial,23-10-2024 01:00,103.1,158.3
Jamshedpur - Sakchi,Jamshedpur,22.8046,86.2029,urban-industrial,23-10-2024 10:00,81.9,151
Dhanbad - Jharia,Dhanbad,23.7398,86.4147,coal-mining,22-10-2024 04:00,123.7,178.4
Ranchi - Sadar,Ranchi,23.38,85.32,urban,22-10-2024 07:00,82.3,127.4
Dhanbad - Sindri,Dhanbad,23.68,86.7,industrial,20-10-2024 16:00,81.1,212.8
Bokaro - Sector 4,Bokaro,23.6693,86.1511,urban-industrial,19-10-2024 10:00,103.4,148.9
Giridih - Town,Giridih,24.1913,86.3078,semi-urban,19-10-2024 19:00,61.3,108.4
Chaibasa - Town,West Singhbhum,22.556,85.808,rural-industrial,18-10-2024 16:00,58.9,113
Dhanbad - Sindri,Dhanbad,23.68,86.7,industrial,18-10-2024 16:00,110.5,176.6
Godda - Town,Godda,24.83,87.21,semi-urban,18-10-2024 10:00,76,113
Ranchi - Kadru,Ranchi,23.3441,85.3096,urban,18-10-2024 16:00,95,132.8
Sahebganj - Town,Sahebganj,25.25,87.63,riverine-semi-urban,18-10-2024 19:00,45.3,115.5
Chaibasa - Town,West Singhbhum,22.556,85.808,rural-industrial,17-10-2024 04:00,54.2,77.3
Dhanbad - Bank More,Dhanbad,23.7957,86.4304,urban-industrial,17-10-2024 07:00,84.9,172.3
Dhanbad - Jharia,Dhanbad,23.7398,86.4147,coal-mining,17-10-2024 16:00,148.3,203.7
Ranchi - HEC,Ranchi,23.3629,85.3345,urban-industrial,17-10-2024 07:00,71,194
Dhanbad - Bank More,Dhanbad,23.7957,86.4304,urban-industrial,16-10-2024 16:00,114.4,154.4
Dhanbad - Jharia,Dhanbad,23.7398,86.4147,coal-mining,16-10-2024 04:00,92.6,251.2
Netarhat - Hill Station,Latehar,23.468,84.268,rural-background,16-10-2024 22:00,22.1,64.6
Ramgarh - Town,Ramgarh,23.63,85.51,industrial,16-10-2024 10:00,59.9,174
Ranchi - Kadru,Ranchi,23.3441,85.3096,urban,16-10-2024 01:00,67.3,151
Bokaro - Sector 4,Bokaro,23.6693,86.1511,urban-industrial,15-10-2024 04:00,73.2,202
Jamshedpur - Sakchi,Jamshedpur,22.8046,86.2029,urban-industrial,15-10-2024 10:00,79.9,153.4
Sahebganj - Town,Sahebganj,25.25,87.63,riverine-semi-urban,14-10-2024 16:00,42.6,95.1
Dhanbad - Bank More,Dhanbad,23.7957,86.4304,urban-industrial,13-10-2024 19:00,86.6,167.3
Bokaro - Sector 4,Bokaro,23.6693,86.1511,urban-industrial,11-10-2024 22:00,83.8,135.5
Dhanbad - Bank More,Dhanbad,23.7957,86.4304,urban-industrial,08-10-2024 13:00,70.5,204.1
Medininagar (Daltonganj),Palamu,24.0492,84.0658,semi-urban,08-10-2024 01:00,20.8,93.7
Bokaro - Sector 4,Bokaro,23.6693,86.1511,urban-industrial,07-10-2024 13:00,85,140.2
Ramgarh - Town,Ramgarh,23.63,85.51,industrial,07-10-2024 16:00,86.6,192
Deoghar - Town,Deoghar,24.4834,86.6947,semi-urban,06-10-2024 01:00,70.4,104.7
Godda - Town,Godda,24.83,87.21,semi-urban,05-10-2024 10:00,45.5,89.2
Dhanbad - Jharia,Dhanbad,23.7398,86.4147,coal-mining,04-10-2024 16:00,124.3,255.1
Hazaribagh - Town,Hazaribagh,23.9925,85.3637,semi-urban,04-10-2024 04:00,58.3,95.1
Sahebganj - Town,Sahebganj,25.25,87.63,riverine-semi-urban,04-10-2024 10:00,82.4,111
Chirkunda - Dhanbad,Dhanbad,23.73,86.76,industrial,03-10-2024 10:00,104.8,188.1
Jamshedpur - Telco,Jamshedpur,22.7925,86.145,industrial,03-10-2024 10:00,95.8,187.1
Dhanbad - Jharia,Dhanbad,23.7398,86.4147,coal-mining,02-10-2024 22:00,94.9,261.9
Giridih - Town,Giridih,24.1913,86.3078,semi-urban,01-10-2024 10:00,39.9,111
Bokaro - Chas,Bokaro,23.635,86.17,urban,30-09-2024 13:00,32.1,89.9
Bokaro - Sector 4,Bokaro,23.6693,86.1511,urban-industrial,30-09-2024 10:00,42,135.5
Godda - Town,Godda,24.83,87.21,semi-urban,30-09-2024 04:00,41.5,64.6
Jamshedpur - Jugsalai,Jamshedpur,22.7756,86.1998,urban-industrial,30-09-2024 22:00,24.6,99.7
Sahebganj - Town,Sahebganj,25.25,87.63,riverine-semi-urban,30-09-2024 19:00,28.8,51.4
Hazaribagh - Town,Hazaribagh,23.9925,85.3637,semi-urban,28-09-2024 01:00,31.2,43.5
Jamtara - Town,Jamtara,23.96,86.8,semi-urban,28-09-2024 13:00,24.3,49.3
Sahebganj - Town,Sahebganj,25.25,87.63,riverine-semi-urban,28-09-2024 07:00,26.9,70.1
Jamtara - Town,Jamtara,23.96,86.8,semi-urban,26-09-2024 22:00,26.9,77
Ramgarh - Town,Ramgarh,23.63,85.51,industrial,26-09-2024 22:00,63.2,103.4
Ranchi - HEC,Ranchi,23.3629,85.3345,urban-industrial,26-09-2024 22:00,61.6,145.7
Jamshedpur - Telco,Jamshedpur,22.7925,86.145,industrial,25-09-2024 01:00,78.7,137.6
Ranchi - Sadar,Ranchi,23.38,85.32,urban,25-09-2024 22:00,22.9,79.2
Bokaro - Chas,Bokaro,23.635,86.17,urban,24-09-2024 19:00,50,81
Dhanbad - Bank More,Dhanbad,23.7957,86.4304,urban-industrial,24-09-2024 04:00,42,92.2
Ranchi - Kadru,Ranchi,23.3441,85.3096,urban,23-09-2024 04:00,21.2,85.2
Dhanbad - Bank More,Dhanbad,23.7957,86.4304,urban-industrial,22-09-2024 10:00,50.8,90.1
Giridih - Town,Giridih,24.1913,86.3078,semi-urban,21-09-2024 16:00,15.8,53.8
Hazaribagh - Town,Hazaribagh,23.9925,85.3637,semi-urban,21-09-2024 16:00,24.3,45.2
Hazaribagh - Town,Hazaribagh,23.9925,85.3637,semi-urban,19-09-2024 10:00,30.4,59.6
Dumka - Town,Dumka,24.27,87.25,semi-urban,18-09-2024 16:00,17.5,35.7
Dhanbad - Jharia,Dhanbad,23.7398,86.4147,coal-mining,17-09-2024 07:00,58.5,154
Dhanbad - Sindri,Dhanbad,23.68,86.7,industrial,17-09-2024 07:00,51.4,137
Dumka - Town,Dumka,24.27,87.25,semi-urban,17-09-2024 07:00,51.6,87.9
Hazaribagh - Town,Hazaribagh,23.9925,85.3637,semi-urban,17-09-2024 19:00,17,68.9
Dhanbad - Jharia,Dhanbad,23.7398,86.4147,coal-mining,16-09-2024 04:00,44.4,112.9
Godda - Town,Godda,24.83,87.21,semi-urban,16-09-2024 19:00,36.9,70.9
Chirkunda - Dhanbad,Dhanbad,23.73,86.76,industrial,15-09-2024 13:00,24.5,96.1
Dhanbad - Bank More,Dhanbad,23.7957,86.4304,urban-industrial,14-09-2024 19:00,18.8,65
Ranchi - Kadru,Ranchi,23.3441,85.3096,urban,14-09-2024 04:00,50.9,84.6
Dhanbad - Sindri,Dhanbad,23.68,86.7,industrial,13-09-2024 16:00,59.2,86.7
Netarhat - Hill Station,Latehar,23.468,84.268,rural-background,13-09-2024 19:00,16.2,29.2
Deoghar - Town,Deoghar,24.4834,86.6947,semi-urban,12-09-2024 07:00,30.5,54.1
Dumka - Town,Dumka,24.27,87.25,semi-urban,12-09-2024 04:00,32.2,50.9
Jamshedpur - Telco,Jamshedpur,22.7925,86.145,industrial,10-09-2024 13:00,50.8,78
Dumka - Town,Dumka,24.27,87.25,semi-urban,08-09-2024 16:00,32.9,63.7
Ranchi - HEC,Ranchi,23.3629,85.3345,urban-industrial,08-09-2024 22:00,66.9,149
Bokaro - Sector 4,Bokaro,23.6693,86.1511,urban-industrial,07-09-2024 22:00,34.1,80.2
Jamshedpur - Jugsalai,Jamshedpur,22.7756,86.1998,urban-industrial,07-09-2024 10:00,58.6,94.3
Dhanbad - Bank More,Dhanbad,23.7957,86.4304,urban-industrial,05-09-2024 10:00,44.2,147.2
Phusro - Bokaro,Bokaro,23.75,85.98,coal-mining,05-09-2024 19:00,9,143.6
Medininagar (Daltonganj),Palamu,24.0492,84.0658,semi-urban,04-09-2024 04:00,35.4,47.2
Ranchi - Kadru,Ranchi,23.3441,85.3096,urban,04-09-2024 13:00,42.4,72
Ranchi - Sadar,Ranchi,23.38,85.32,urban,04-09-2024 04:00,24.9,91
Medininagar (Daltonganj),Palamu,24.0492,84.0658,semi-urban,03-09-2024 22:00,9.2,57.7
Netarhat - Hill Station,Latehar,23.468,84.268,rural-background,02-09-2024 01:00,28.1,38
Ramgarh - Town,Ramgarh,23.63,85.51,industrial,02-09-2024 01:00,74.7,117.1
Giridih - Town,Giridih,24.1913,86.3078,semi-urban,01-09-2024 01:00,19.5,69.9
Ranchi - HEC,Ranchi,23.3629,85.3345,urban-industrial,31-08-2024 13:00,67.4,103.5
Netarhat - Hill Station,Latehar,23.468,84.268,rural-background,29-08-2024 19:00,10.6,43.2
Deoghar - Town,Deoghar,24.4834,86.6947,semi-urban,27-08-2024 16:00,53.3,99.5
Hazaribagh - Town,Hazaribagh,23.9925,85.3637,semi-urban,27-08-2024 19:00,27.2,59.2
Bokaro - Sector 4,Bokaro,23.6693,86.1511,urban-industrial,26-08-2024 16:00,72.1,97.5
Godda - Town,Godda,24.83,87.21,semi-urban,26-08-2024 19:00,26.2,37.4
Jamshedpur - Telco,Jamshedpur,22.7925,86.145,industrial,26-08-2024 04:00,64.6,112.1
Medininagar (Daltonganj),Palamu,24.0492,84.0658,semi-urban,26-08-2024 10:00,18.5,72.9
Bokaro - Sector 4,Bokaro,23.6693,86.1511,urban-industrial,25-08-2024 22:00,17.5,84.2
Chaibasa - Town,West Singhbhum,22.556,85.808,rural-industrial,25-08-2024 01:00,68.1,122.4
Dhanbad - Sindri,Dhanbad,23.68,86.7,industrial,25-08-2024 01:00,21.7,50.8
Ramgarh - Town,Ramgarh,23.63,85.51,industrial,25-08-2024 16:00,45.1,76.6
Giridih - Town,Giridih,24.1913,86.3078,semi-urban,24-08-2024 22:00,16.3,69.1
Ranchi - HEC,Ranchi,23.3629,85.3345,urban-industrial,23-08-2024 04:00,19.3,141
Jamshedpur - Jugsalai,Jamshedpur,22.7756,86.1998,urban-industrial,22-08-2024 22:00,86.1,159.1
Dhanbad - Bank More,Dhanbad,23.7957,86.4304,urban-industrial,20-08-2024 19:00,43.2,105.4
Chaibasa - Town,West Singhbhum,22.556,85.808,rural-industrial,19-08-2024 07:00,52.6,93.7
Ramgarh - Town,Ramgarh,23.63,85.51,industrial,18-08-2024 01:00,80.1,134.8
Giridih - Town,Giridih,24.1913,86.3078,semi-urban,17-08-2024 13:00,50.9,96.4
Dhanbad - Sindri,Dhanbad,23.68,86.7,industrial,16-08-2024 22:00,64.3,124.6
Chirkunda - Dhanbad,Dhanbad,23.73,86.76,industrial,14-08-2024 04:00,24.4,100.4
Phusro - Bokaro,Bokaro,23.75,85.98,coal-mining,14-08-2024 10:00,70.5,172.4
Bokaro - Sector 4,Bokaro,23.6693,86.1511,urban-industrial,13-08-2024 04:00,96.7,141.6
Netarhat - Hill Station,Latehar,23.468,84.268,rural-background,13-08-2024 01:00,25.7,49.7
Ramgarh - Town,Ramgarh,23.63,85.51,industrial,13-08-2024 19:00,53.9,75.2
Ranchi - Sadar,Ranchi,23.38,85.32,urban,13-08-2024 13:00,17.2,29.6
Bokaro - Sector 4,Bokaro,23.6693,86.1511,urban-industrial,12-08-2024 07:00,71.8,116.4
Dhanbad - Bank More,Dhanbad,23.7957,86.4304,urban-industrial,12-08-2024 16:00,78.9,139.8
Ranchi - Kadru,Ranchi,23.3441,85.3096,urban,12-08-2024 04:00,26.7,48.8
Jamshedpur - Sakchi,Jamshedpur,22.8046,86.2029,urban-industrial,11-08-2024 19:00,26.8,48.3
Ranchi - HEC,Ranchi,23.3629,85.3345,urban-industrial,11-08-2024 19:00,51.9,69.7
Bokaro - Chas,Bokaro,23.635,86.17,urban,09-08-2024 04:00,33.9,76.6
Godda - Town,Godda,24.83,87.21,semi-urban,08-08-2024 16:00,28.5,50.1
Hazaribagh - Town,Hazaribagh,23.9925,85.3637,semi-urban,08-08-2024 04:00,24.4,51
Dhanbad - Sindri,Dhanbad,23.68,86.7,industrial,07-08-2024 16:00,80.5,108.7
Sahebganj - Town,Sahebganj,25.25,87.63,riverine-semi-urban,07-08-2024 01:00,21.5,46.7
Chaibasa - Town,West Singhbhum,22.556,85.808,rural-industrial,06-08-2024 19:00,45.2,70.1
Ranchi - Kadru,Ranchi,23.3441,85.3096,urban,06-08-2024 07:00,15.6,62.2
Bokaro - Chas,Bokaro,23.635,86.17,urban,05-08-2024 10:00,37.3,67.9
Jamshedpur - Sakchi,Jamshedpur,22.8046,86.2029,urban-industrial,05-08-2024 22:00,31.9,134.3
Jamtara - Town,Jamtara,23.96,86.8,semi-urban,04-08-2024 13:00,37.9,60.7
Jamshedpur - Telco,Jamshedpur,22.7925,86.145,industrial,03-08-2024 13:00,72.5,131.5
Ranchi - Kadru,Ranchi,23.3441,85.3096,urban,03-08-2024 01:00,25.3,54.7
Netarhat - Hill Station,Latehar,23.468,84.268,rural-background,01-08-2024 04:00,14.4,49.4
Bokaro - Chas,Bokaro,23.635,86.17,urban,30-07-2024 22:00,28.6,54.5
Jamtara - Town,Jamtara,23.96,86.8,semi-urban,29-07-2024 13:00,26.8,38.7
Chirkunda - Dhanbad,Dhanbad,23.73,86.76,industrial,28-07-2024 16:00,72.8,135.3
Jamshedpur - Telco,Jamshedpur,22.7925,86.145,industrial,28-07-2024 10:00,50,86.9
Jamshedpur - Sakchi,Jamshedpur,22.8046,86.2029,urban-industrial,27-07-2024 07:00,66.8,101.2
Netarhat - Hill Station,Latehar,23.468,84.268,rural-background,24-07-2024 07:00,25.9,39.8
Ranchi - Sadar,Ranchi,23.38,85.32,urban,22-07-2024 22:00,61,95.5
Deoghar - Town,Deoghar,24.4834,86.6947,semi-urban,21-07-2024 13:00,24.5,93.8
Chirkunda - Dhanbad,Dhanbad,23.73,86.76,industrial,20-07-2024 19:00,68.5,111.5
Deoghar - Town,Deoghar,24.4834,86.6947,semi-urban,20-07-2024 01:00,41.8,66.9
Ranchi - HEC,Ranchi,23.3629,85.3345,urban-industrial,20-07-2024 07:00,27.6,74.2
Dhanbad - Jharia,Dhanbad,23.7398,86.4147,coal-mining,18-07-2024 22:00,56.9,134.4
Jamshedpur - Telco,Jamshedpur,22.7925,86.145,industrial,18-07-2024 10:00,57.2,77.6
Medininagar (Daltonganj),Palamu,24.0492,84.0658,semi-urban,18-07-2024 01:00,14.3,81.2
Sahebganj - Town,Sahebganj,25.25,87.63,riverine-semi-urban,18-07-2024 04:00,13.2,18.9
